class,majoraxislength,perimeter,convexarea,area
0,442.2460114,1184.04,90546,87524
0,406.690687,1121.786,78789,75166
0,442.2670483,1208.575,93717,90856
0,286.5405586,844.162,47336,45928
0,352.1907699,1073.251,81463,79408
0,318.125407,881.836,51368,49242
0,310.1460715,823.796,43904,42492
0,332.4554716,933.366,62329,60952
0,323.1896072,849.728,44743,42256
0,366.9648423,981.544,66125,64380
